Outcome,Probability
T,0.500000
H,0.500000
TT,0.250000
HT,0.250000
TH,0.250000
HH,0.250000
TTT,0.125000
HTT,0.125000
THT,0.125000
HHT,0.125000
TTH,0.125000
HTH,0.125000
THH,0.125000
HHH,0.125000
TTTT,0.062500
HTTT,0.062500
THTT,0.062500
HHTT,0.062500
TTHT,0.062500
HTHT,0.062500
THHT,0.062500
HHHT,0.062500
TTTH,0.062500
HTTH,0.062500
THTH,0.062500
HHTH,0.062500
TTHH,0.062500
HTHH,0.062500
THHH,0.062500
HHHH,0.062500
TTTTT,0.031250
HTTTT,0.031250
THTTT,0.031250
HHTTT,0.031250
TTHTT,0.031250
HTHTT,0.031250
THHTT,0.031250
HHHTT,0.031250
TTTHT,0.031250
HTTHT,0.031250
THTHT,0.031250
HHTHT,0.031250
TTHHT,0.031250
HTHHT,0.031250
THHHT,0.031250
HHHHT,0.031250
TTTTH,0.031250
HTTTH,0.031250
THTTH,0.031250
HHTTH,0.031250
TTHTH,0.031250
HTHTH,0.031250
THHTH,0.031250
HHHTH,0.031250
TTTHH,0.031250
HTTHH,0.031250
THTHH,0.031250
HHTHH,0.031250
TTHHH,0.031250
HTHHH,0.031250
THHHH,0.031250
HHHHH,0.031250
TTTTTT,0.015625
HTTTTT,0.015625
THTTTT,0.015625
HHTTTT,0.015625
TTHTTT,0.015625
HTHTTT,0.015625
THHTTT,0.015625
HHHTTT,0.015625
TTTHTT,0.015625
HTTHTT,0.015625
THTHTT,0.015625
HHTHTT,0.015625
TTHHTT,0.015625
HTHHTT,0.015625
THHHTT,0.015625
HHHHTT,0.015625
TTTTHT,0.015625
HTTTHT,0.015625
THTTHT,0.015625
HHTTHT,0.015625
TTHTHT,0.015625
HTHTHT,0.015625
THHTHT,0.015625
HHHTHT,0.015625
TTTHHT,0.015625
HTTHHT,0.015625
THTHHT,0.015625
HHTHHT,0.015625
TTHHHT,0.015625
HTHHHT,0.015625
THHHHT,0.015625
HHHHHT,0.015625
TTTTTH,0.015625
HTTTTH,0.015625
THTTTH,0.015625
HHTTTH,0.015625
TTHTTH,0.015625
HTHTTH,0.015625
THHTTH,0.015625
HHHTTH,0.015625
TTTHTH,0.015625
HTTHTH,0.015625
THTHTH,0.015625
HHTHTH,0.015625
TTHHTH,0.015625
HTHHTH,0.015625
THHHTH,0.015625
HHHHTH,0.015625
TTTTHH,0.015625
HTTTHH,0.015625
THTTHH,0.015625
HHTTHH,0.015625
TTHTHH,0.015625
HTHTHH,0.015625
THHTHH,0.015625
HHHTHH,0.015625
TTTHHH,0.015625
HTTHHH,0.015625
THTHHH,0.015625
HHTHHH,0.015625
TTHHHH,0.015625
HTHHHH,0.015625
THHHHH,0.015625
HHHHHH,0.015625
TTTTTTT,0.007812
HTTTTTT,0.007812
THTTTTT,0.007812
HHTTTTT,0.007812
TTHTTTT,0.007812
HTHTTTT,0.007812
THHTTTT,0.007812
HHHTTTT,0.007812
TTTHTTT,0.007812
HTTHTTT,0.007812
THTHTTT,0.007812
HHTHTTT,0.007812
TTHHTTT,0.007812
HTHHTTT,0.007812
THHHTTT,0.007812
HHHHTTT,0.007812
TTTTHTT,0.007812
HTTTHTT,0.007812
THTTHTT,0.007812
HHTTHTT,0.007812
TTHTHTT,0.007812
HTHTHTT,0.007812
THHTHTT,0.007812
HHHTHTT,0.007812
TTTHHTT,0.007812
HTTHHTT,0.007812
THTHHTT,0.007812
HHTHHTT,0.007812
TTHHHTT,0.007812
HTHHHTT,0.007812
THHHHTT,0.007812
HHHHHTT,0.007812
TTTTTHT,0.007812
HTTTTHT,0.007812
THTTTHT,0.007812
HHTTTHT,0.007812
TTHTTHT,0.007812
HTHTTHT,0.007812
THHTTHT,0.007812
HHHTTHT,0.007812
TTTHTHT,0.007812
HTTHTHT,0.007812
THTHTHT,0.007812
HHTHTHT,0.007812
TTHHTHT,0.007812
HTHHTHT,0.007812
THHHTHT,0.007812
HHHHTHT,0.007812
TTTTHHT,0.007812
HTTTHHT,0.007812
THTTHHT,0.007812
HHTTHHT,0.007812
TTHTHHT,0.007812
HTHTHHT,0.007812
THHTHHT,0.007812
HHHTHHT,0.007812
TTTHHHT,0.007812
HTTHHHT,0.007812
THTHHHT,0.007812
HHTHHHT,0.007812
TTHHHHT,0.007812
HTHHHHT,0.007812
THHHHHT,0.007812
HHHHHHT,0.007812
TTTTTTH,0.007812
HTTTTTH,0.007812
THTTTTH,0.007812
HHTTTTH,0.007812
TTHTTTH,0.007812
HTHTTTH,0.007812
THHTTTH,0.007812
HHHTTTH,0.007812
TTTHTTH,0.007812
HTTHTTH,0.007812
THTHTTH,0.007812
HHTHTTH,0.007812
TTHHTTH,0.007812
HTHHTTH,0.007812
THHHTTH,0.007812
HHHHTTH,0.007812
TTTTHTH,0.007812
HTTTHTH,0.007812
THTTHTH,0.007812
HHTTHTH,0.007812
TTHTHTH,0.007812
HTHTHTH,0.007812
THHTHTH,0.007812
HHHTHTH,0.007812
TTTHHTH,0.007812
HTTHHTH,0.007812
THTHHTH,0.007812
HHTHHTH,0.007812
TTHHHTH,0.007812
HTHHHTH,0.007812
THHHHTH,0.007812
HHHHHTH,0.007812
TTTTTHH,0.007812
HTTTTHH,0.007812
THTTTHH,0.007812
HHTTTHH,0.007812
TTHTTHH,0.007812
HTHTTHH,0.007812
THHTTHH,0.007812
HHHTTHH,0.007812
TTTHTHH,0.007812
HTTHTHH,0.007812
THTHTHH,0.007812
HHTHTHH,0.007812
TTHHTHH,0.007812
HTHHTHH,0.007812
THHHTHH,0.007812
HHHHTHH,0.007812
TTTTHHH,0.007812
HTTTHHH,0.007812
THTTHHH,0.007812
HHTTHHH,0.007812
TTHTHHH,0.007812
HTHTHHH,0.007812
THHTHHH,0.007812
HHHTHHH,0.007812
TTTHHHH,0.007812
HTTHHHH,0.007812
THTHHHH,0.007812
HHTHHHH,0.007812
TTHHHHH,0.007812
HTHHHHH,0.007812
THHHHHH,0.007812
HHHHHHH,0.007812
TTTTTTTT,0.003906
HTTTTTTT,0.003906
THTTTTTT,0.003906
HHTTTTTT,0.003906
TTHTTTTT,0.003906
HTHTTTTT,0.003906
THHTTTTT,0.003906
HHHTTTTT,0.003906
TTTHTTTT,0.003906
HTTHTTTT,0.003906
THTHTTTT,0.003906
HHTHTTTT,0.003906
TTHHTTTT,0.003906
HTHHTTTT,0.003906
THHHTTTT,0.003906
HHHHTTTT,0.003906
TTTTHTTT,0.003906
HTTTHTTT,0.003906
THTTHTTT,0.003906
HHTTHTTT,0.003906
TTHTHTTT,0.003906
HTHTHTTT,0.003906
THHTHTTT,0.003906
HHHTHTTT,0.003906
TTTHHTTT,0.003906
HTTHHTTT,0.003906
THTHHTTT,0.003906
HHTHHTTT,0.003906
TTHHHTTT,0.003906
HTHHHTTT,0.003906
THHHHTTT,0.003906
HHHHHTTT,0.003906
TTTTTHTT,0.003906
HTTTTHTT,0.003906
THTTTHTT,0.003906
HHTTTHTT,0.003906
TTHTTHTT,0.003906
HTHTTHTT,0.003906
THHTTHTT,0.003906
HHHTTHTT,0.003906
TTTHTHTT,0.003906
HTTHTHTT,0.003906
THTHTHTT,0.003906
HHTHTHTT,0.003906
TTHHTHTT,0.003906
HTHHTHTT,0.003906
THHHTHTT,0.003906
HHHHTHTT,0.003906
TTTTHHTT,0.003906
HTTTHHTT,0.003906
THTTHHTT,0.003906
HHTTHHTT,0.003906
TTHTHHTT,0.003906
HTHTHHTT,0.003906
THHTHHTT,0.003906
HHHTHHTT,0.003906
TTTHHHTT,0.003906
HTTHHHTT,0.003906
THTHHHTT,0.003906
HHTHHHTT,0.003906
TTHHHHTT,0.003906
HTHHHHTT,0.003906
THHHHHTT,0.003906
HHHHHHTT,0.003906
TTTTTTHT,0.003906
HTTTTTHT,0.003906
THTTTTHT,0.003906
HHTTTTHT,0.003906
TTHTTTHT,0.003906
HTHTTTHT,0.003906
THHTTTHT,0.003906
HHHTTTHT,0.003906
TTTHTTHT,0.003906
HTTHTTHT,0.003906
THTHTTHT,0.003906
HHTHTTHT,0.003906
TTHHTTHT,0.003906
HTHHTTHT,0.003906
THHHTTHT,0.003906
HHHHTTHT,0.003906
TTTTHTHT,0.003906
HTTTHTHT,0.003906
THTTHTHT,0.003906
HHTTHTHT,0.003906
TTHTHTHT,0.003906
HTHTHTHT,0.003906
THHTHTHT,0.003906
HHHTHTHT,0.003906
TTTHHTHT,0.003906
HTTHHTHT,0.003906
THTHHTHT,0.003906
HHTHHTHT,0.003906
TTHHHTHT,0.003906
HTHHHTHT,0.003906
THHHHTHT,0.003906
HHHHHTHT,0.003906
TTTTTHHT,0.003906
HTTTTHHT,0.003906
THTTTHHT,0.003906
HHTTTHHT,0.003906
TTHTTHHT,0.003906
HTHTTHHT,0.003906
THHTTHHT,0.003906
HHHTTHHT,0.003906
TTTHTHHT,0.003906
HTTHTHHT,0.003906
THTHTHHT,0.003906
HHTHTHHT,0.003906
TTHHTHHT,0.003906
HTHHTHHT,0.003906
THHHTHHT,0.003906
HHHHTHHT,0.003906
TTTTHHHT,0.003906
HTTTHHHT,0.003906
THTTHHHT,0.003906
HHTTHHHT,0.003906
TTHTHHHT,0.003906
HTHTHHHT,0.003906
THHTHHHT,0.003906
HHHTHHHT,0.003906
TTTHHHHT,0.003906
HTTHHHHT,0.003906
THTHHHHT,0.003906
HHTHHHHT,0.003906
TTHHHHHT,0.003906
HTHHHHHT,0.003906
THHHHHHT,0.003906
HHHHHHHT,0.003906
TTTTTTTH,0.003906
HTTTTTTH,0.003906
THTTTTTH,0.003906
HHTTTTTH,0.003906
TTHTTTTH,0.003906
HTHTTTTH,0.003906
THHTTTTH,0.003906
HHHTTTTH,0.003906
TTTHTTTH,0.003906
HTTHTTTH,0.003906
THTHTTTH,0.003906
HHTHTTTH,0.003906
TTHHTTTH,0.003906
HTHHTTTH,0.003906
THHHTTTH,0.003906
HHHHTTTH,0.003906
TTTTHTTH,0.003906
HTTTHTTH,0.003906
THTTHTTH,0.003906
HHTTHTTH,0.003906
TTHTHTTH,0.003906
HTHTHTTH,0.003906
THHTHTTH,0.003906
HHHTHTTH,0.003906
TTTHHTTH,0.003906
HTTHHTTH,0.003906
THTHHTTH,0.003906
HHTHHTTH,0.003906
TTHHHTTH,0.003906
HTHHHTTH,0.003906
THHHHTTH,0.003906
HHHHHTTH,0.003906
TTTTTHTH,0.003906
HTTTTHTH,0.003906
THTTTHTH,0.003906
HHTTTHTH,0.003906
TTHTTHTH,0.003906
HTHTTHTH,0.003906
THHTTHTH,0.003906
HHHTTHTH,0.003906
TTTHTHTH,0.003906
HTTHTHTH,0.003906
THTHTHTH,0.003906
HHTHTHTH,0.003906
TTHHTHTH,0.003906
HTHHTHTH,0.003906
THHHTHTH,0.003906
HHHHTHTH,0.003906
TTTTHHTH,0.003906
HTTTHHTH,0.003906
THTTHHTH,0.003906
HHTTHHTH,0.003906
TTHTHHTH,0.003906
HTHTHHTH,0.003906
THHTHHTH,0.003906
HHHTHHTH,0.003906
TTTHHHTH,0.003906
HTTHHHTH,0.003906
THTHHHTH,0.003906
HHTHHHTH,0.003906
TTHHHHTH,0.003906
HTHHHHTH,0.003906
THHHHHTH,0.003906
HHHHHHTH,0.003906
TTTTTTHH,0.003906
HTTTTTHH,0.003906
THTTTTHH,0.003906
HHTTTTHH,0.003906
TTHTTTHH,0.003906
HTHTTTHH,0.003906
THHTTTHH,0.003906
HHHTTTHH,0.003906
TTTHTTHH,0.003906
HTTHTTHH,0.003906
THTHTTHH,0.003906
HHTHTTHH,0.003906
TTHHTTHH,0.003906
HTHHTTHH,0.003906
THHHTTHH,0.003906
HHHHTTHH,0.003906
TTTTHTHH,0.003906
HTTTHTHH,0.003906
THTTHTHH,0.003906
HHTTHTHH,0.003906
TTHTHTHH,0.003906
HTHTHTHH,0.003906
THHTHTHH,0.003906
HHHTHTHH,0.003906
TTTHHTHH,0.003906
HTTHHTHH,0.003906
THTHHTHH,0.003906
HHTHHTHH,0.003906
TTHHHTHH,0.003906
HTHHHTHH,0.003906
THHHHTHH,0.003906
HHHHHTHH,0.003906
TTTTTHHH,0.003906
HTTTTHHH,0.003906
THTTTHHH,0.003906
HHTTTHHH,0.003906
TTHTTHHH,0.003906
HTHTTHHH,0.003906
THHTTHHH,0.003906
HHHTTHHH,0.003906
TTTHTHHH,0.003906
HTTHTHHH,0.003906
THTHTHHH,0.003906
HHTHTHHH,0.003906
TTHHTHHH,0.003906
HTHHTHHH,0.003906
THHHTHHH,0.003906
HHHHTHHH,0.003906
TTTTHHHH,0.003906
HTTTHHHH,0.003906
THTTHHHH,0.003906
HHTTHHHH,0.003906
TTHTHHHH,0.003906
HTHTHHHH,0.003906
THHTHHHH,0.003906
HHHTHHHH,0.003906
TTTHHHHH,0.003906
HTTHHHHH,0.003906
THTHHHHH,0.003906
HHTHHHHH,0.003906
TTHHHHHH,0.003906
HTHHHHHH,0.003906
THHHHHHH,0.003906
HHHHHHHH,0.003906
TTTTTTTTT,0.001953
HTTTTTTTT,0.001953
THTTTTTTT,0.001953
HHTTTTTTT,0.001953
TTHTTTTTT,0.001953
HTHTTTTTT,0.001953
THHTTTTTT,0.001953
HHHTTTTTT,0.001953
TTTHTTTTT,0.001953
HTTHTTTTT,0.001953
THTHTTTTT,0.001953
HHTHTTTTT,0.001953
TTHHTTTTT,0.001953
HTHHTTTTT,0.001953
THHHTTTTT,0.001953
HHHHTTTTT,0.001953
TTTTHTTTT,0.001953
HTTTHTTTT,0.001953
THTTHTTTT,0.001953
HHTTHTTTT,0.001953
TTHTHTTTT,0.001953
HTHTHTTTT,0.001953
THHTHTTTT,0.001953
HHHTHTTTT,0.001953
TTTHHTTTT,0.001953
HTTHHTTTT,0.001953
THTHHTTTT,0.001953
HHTHHTTTT,0.001953
TTHHHTTTT,0.001953
HTHHHTTTT,0.001953
THHHHTTTT,0.001953
HHHHHTTTT,0.001953
TTTTTHTTT,0.001953
HTTTTHTTT,0.001953
THTTTHTTT,0.001953
HHTTTHTTT,0.001953
TTHTTHTTT,0.001953
HTHTTHTTT,0.001953
THHTTHTTT,0.001953
HHHTTHTTT,0.001953
TTTHTHTTT,0.001953
HTTHTHTTT,0.001953
THTHTHTTT,0.001953
HHTHTHTTT,0.001953
TTHHTHTTT,0.001953
HTHHTHTTT,0.001953
THHHTHTTT,0.001953
HHHHTHTTT,0.001953
TTTTHHTTT,0.001953
HTTTHHTTT,0.001953
THTTHHTTT,0.001953
HHTTHHTTT,0.001953
TTHTHHTTT,0.001953
HTHTHHTTT,0.001953
THHTHHTTT,0.001953
HHHTHHTTT,0.001953
TTTHHHTTT,0.001953
HTTHHHTTT,0.001953
THTHHHTTT,0.001953
HHTHHHTTT,0.001953
TTHHHHTTT,0.001953
HTHHHHTTT,0.001953
THHHHHTTT,0.001953
HHHHHHTTT,0.001953
TTTTTTHTT,0.001953
HTTTTTHTT,0.001953
THTTTTHTT,0.001953
HHTTTTHTT,0.001953
TTHTTTHTT,0.001953
HTHTTTHTT,0.001953
THHTTTHTT,0.001953
HHHTTTHTT,0.001953
TTTHTTHTT,0.001953
HTTHTTHTT,0.001953
THTHTTHTT,0.001953
HHTHTTHTT,0.001953
TTHHTTHTT,0.001953
HTHHTTHTT,0.001953
THHHTTHTT,0.001953
HHHHTTHTT,0.001953
TTTTHTHTT,0.001953
HTTTHTHTT,0.001953
THTTHTHTT,0.001953
HHTTHTHTT,0.001953
TTHTHTHTT,0.001953
HTHTHTHTT,0.001953
THHTHTHTT,0.001953
HHHTHTHTT,0.001953
TTTHHTHTT,0.001953
HTTHHTHTT,0.001953
THTHHTHTT,0.001953
HHTHHTHTT,0.001953
TTHHHTHTT,0.001953
HTHHHTHTT,0.001953
THHHHTHTT,0.001953
HHHHHTHTT,0.001953
TTTTTHHTT,0.001953
HTTTTHHTT,0.001953
THTTTHHTT,0.001953
HHTTTHHTT,0.001953
TTHTTHHTT,0.001953
HTHTTHHTT,0.001953
THHTTHHTT,0.001953
HHHTTHHTT,0.001953
TTTHTHHTT,0.001953
HTTHTHHTT,0.001953
THTHTHHTT,0.001953
HHTHTHHTT,0.001953
TTHHTHHTT,0.001953
HTHHTHHTT,0.001953
THHHTHHTT,0.001953
HHHHTHHTT,0.001953
TTTTHHHTT,0.001953
HTTTHHHTT,0.001953
THTTHHHTT,0.001953
HHTTHHHTT,0.001953
TTHTHHHTT,0.001953
HTHTHHHTT,0.001953
THHTHHHTT,0.001953
HHHTHHHTT,0.001953
TTTHHHHTT,0.001953
HTTHHHHTT,0.001953
THTHHHHTT,0.001953
HHTHHHHTT,0.001953
TTHHHHHTT,0.001953
HTHHHHHTT,0.001953
THHHHHHTT,0.001953
HHHHHHHTT,0.001953
TTTTTTTHT,0.001953
HTTTTTTHT,0.001953
THTTTTTHT,0.001953
HHTTTTTHT,0.001953
TTHTTTTHT,0.001953
HTHTTTTHT,0.001953
THHTTTTHT,0.001953
HHHTTTTHT,0.001953
TTTHTTTHT,0.001953
HTTHTTTHT,0.001953
THTHTTTHT,0.001953
HHTHTTTHT,0.001953
TTHHTTTHT,0.001953
HTHHTTTHT,0.001953
THHHTTTHT,0.001953
HHHHTTTHT,0.001953
TTTTHTTHT,0.001953
HTTTHTTHT,0.001953
THTTHTTHT,0.001953
HHTTHTTHT,0.001953
TTHTHTTHT,0.001953
HTHTHTTHT,0.001953
THHTHTTHT,0.001953
HHHTHTTHT,0.001953
TTTHHTTHT,0.001953
HTTHHTTHT,0.001953
THTHHTTHT,0.001953
HHTHHTTHT,0.001953
TTHHHTTHT,0.001953
HTHHHTTHT,0.001953
THHHHTTHT,0.001953
HHHHHTTHT,0.001953
TTTTTHTHT,0.001953
HTTTTHTHT,0.001953
THTTTHTHT,0.001953
HHTTTHTHT,0.001953
TTHTTHTHT,0.001953
HTHTTHTHT,0.001953
THHTTHTHT,0.001953
HHHTTHTHT,0.001953
TTTHTHTHT,0.001953
HTTHTHTHT,0.001953
THTHTHTHT,0.001953
HHTHTHTHT,0.001953
TTHHTHTHT,0.001953
HTHHTHTHT,0.001953
THHHTHTHT,0.001953
HHHHTHTHT,0.001953
TTTTHHTHT,0.001953
HTTTHHTHT,0.001953
THTTHHTHT,0.001953
HHTTHHTHT,0.001953
TTHTHHTHT,0.001953
HTHTHHTHT,0.001953
THHTHHTHT,0.001953
HHHTHHTHT,0.001953
TTTHHHTHT,0.001953
HTTHHHTHT,0.001953
THTHHHTHT,0.001953
HHTHHHTHT,0.001953
TTHHHHTHT,0.001953
HTHHHHTHT,0.001953
THHHHHTHT,0.001953
HHHHHHTHT,0.001953
TTTTTTHHT,0.001953
HTTTTTHHT,0.001953
THTTTTHHT,0.001953
HHTTTTHHT,0.001953
TTHTTTHHT,0.001953
HTHTTTHHT,0.001953
THHTTTHHT,0.001953
HHHTTTHHT,0.001953
TTTHTTHHT,0.001953
HTTHTTHHT,0.001953
THTHTTHHT,0.001953
HHTHTTHHT,0.001953
TTHHTTHHT,0.001953
HTHHTTHHT,0.001953
THHHTTHHT,0.001953
HHHHTTHHT,0.001953
TTTTHTHHT,0.001953
HTTTHTHHT,0.001953
THTTHTHHT,0.001953
HHTTHTHHT,0.001953
TTHTHTHHT,0.001953
HTHTHTHHT,0.001953
THHTHTHHT,0.001953
HHHTHTHHT,0.001953
TTTHHTHHT,0.001953
HTTHHTHHT,0.001953
THTHHTHHT,0.001953
HHTHHTHHT,0.001953
TTHHHTHHT,0.001953
HTHHHTHHT,0.001953
THHHHTHHT,0.001953
HHHHHTHHT,0.001953
TTTTTHHHT,0.001953
HTTTTHHHT,0.001953
THTTTHHHT,0.001953
HHTTTHHHT,0.001953
TTHTTHHHT,0.001953
HTHTTHHHT,0.001953
THHTTHHHT,0.001953
HHHTTHHHT,0.001953
TTTHTHHHT,0.001953
HTTHTHHHT,0.001953
THTHTHHHT,0.001953
HHTHTHHHT,0.001953
TTHHTHHHT,0.001953
HTHHTHHHT,0.001953
THHHTHHHT,0.001953
HHHHTHHHT,0.001953
TTTTHHHHT,0.001953
HTTTHHHHT,0.001953
THTTHHHHT,0.001953
HHTTHHHHT,0.001953
TTHTHHHHT,0.001953
HTHTHHHHT,0.001953
THHTHHHHT,0.001953
HHHTHHHHT,0.001953
TTTHHHHHT,0.001953
HTTHHHHHT,0.001953
THTHHHHHT,0.001953
HHTHHHHHT,0.001953
TTHHHHHHT,0.001953
HTHHHHHHT,0.001953
THHHHHHHT,0.001953
HHHHHHHHT,0.001953
TTTTTTTTH,0.001953
HTTTTTTTH,0.001953
THTTTTTTH,0.001953
HHTTTTTTH,0.001953
TTHTTTTTH,0.001953
HTHTTTTTH,0.001953
THHTTTTTH,0.001953
HHHTTTTTH,0.001953
TTTHTTTTH,0.001953
HTTHTTTTH,0.001953
THTHTTTTH,0.001953
HHTHTTTTH,0.001953
TTHHTTTTH,0.001953
HTHHTTTTH,0.001953
THHHTTTTH,0.001953
HHHHTTTTH,0.001953
TTTTHTTTH,0.001953
HTTTHTTTH,0.001953
THTTHTTTH,0.001953
HHTTHTTTH,0.001953
TTHTHTTTH,0.001953
HTHTHTTTH,0.001953
THHTHTTTH,0.001953
HHHTHTTTH,0.001953
TTTHHTTTH,0.001953
HTTHHTTTH,0.001953
THTHHTTTH,0.001953
HHTHHTTTH,0.001953
TTHHHTTTH,0.001953
HTHHHTTTH,0.001953
THHHHTTTH,0.001953
HHHHHTTTH,0.001953
TTTTTHTTH,0.001953
HTTTTHTTH,0.001953
THTTTHTTH,0.001953
HHTTTHTTH,0.001953
TTHTTHTTH,0.001953
HTHTTHTTH,0.001953
THHTTHTTH,0.001953
HHHTTHTTH,0.001953
TTTHTHTTH,0.001953
HTTHTHTTH,0.001953
THTHTHTTH,0.001953
HHTHTHTTH,0.001953
TTHHTHTTH,0.001953
HTHHTHTTH,0.001953
THHHTHTTH,0.001953
HHHHTHTTH,0.001953
TTTTHHTTH,0.001953
HTTTHHTTH,0.001953
THTTHHTTH,0.001953
HHTTHHTTH,0.001953
TTHTHHTTH,0.001953
HTHTHHTTH,0.001953
THHTHHTTH,0.001953
HHHTHHTTH,0.001953
TTTHHHTTH,0.001953
HTTHHHTTH,0.001953
THTHHHTTH,0.001953
HHTHHHTTH,0.001953
TTHHHHTTH,0.001953
HTHHHHTTH,0.001953
THHHHHTTH,0.001953
HHHHHHTTH,0.001953
TTTTTTHTH,0.001953
HTTTTTHTH,0.001953
THTTTTHTH,0.001953
HHTTTTHTH,0.001953
TTHTTTHTH,0.001953
HTHTTTHTH,0.001953
THHTTTHTH,0.001953
HHHTTTHTH,0.001953
TTTHTTHTH,0.001953
HTTHTTHTH,0.001953
THTHTTHTH,0.001953
HHTHTTHTH,0.001953
TTHHTTHTH,0.001953
HTHHTTHTH,0.001953
THHHTTHTH,0.001953
HHHHTTHTH,0.001953
TTTTHTHTH,0.001953
HTTTHTHTH,0.001953
THTTHTHTH,0.001953
HHTTHTHTH,0.001953
TTHTHTHTH,0.001953
HTHTHTHTH,0.001953
THHTHTHTH,0.001953
HHHTHTHTH,0.001953
TTTHHTHTH,0.001953
HTTHHTHTH,0.001953
THTHHTHTH,0.001953
HHTHHTHTH,0.001953
TTHHHTHTH,0.001953
HTHHHTHTH,0.001953
THHHHTHTH,0.001953
HHHHHTHTH,0.001953
TTTTTHHTH,0.001953
HTTTTHHTH,0.001953
THTTTHHTH,0.001953
HHTTTHHTH,0.001953
TTHTTHHTH,0.001953
HTHTTHHTH,0.001953
THHTTHHTH,0.001953
HHHTTHHTH,0.001953
TTTHTHHTH,0.001953
HTTHTHHTH,0.001953
THTHTHHTH,0.001953
HHTHTHHTH,0.001953
TTHHTHHTH,0.001953
HTHHTHHTH,0.001953
THHHTHHTH,0.001953
HHHHTHHTH,0.001953
TTTTHHHTH,0.001953
HTTTHHHTH,0.001953
THTTHHHTH,0.001953
HHTTHHHTH,0.001953
TTHTHHHTH,0.001953
HTHTHHHTH,0.001953
THHTHHHTH,0.001953
HHHTHHHTH,0.001953
TTTHHHHTH,0.001953
HTTHHHHTH,0.001953
THTHHHHTH,0.001953
HHTHHHHTH,0.001953
TTHHHHHTH,0.001953
HTHHHHHTH,0.001953
THHHHHHTH,0.001953
HHHHHHHTH,0.001953
TTTTTTTHH,0.001953
HTTTTTTHH,0.001953
THTTTTTHH,0.001953
HHTTTTTHH,0.001953
TTHTTTTHH,0.001953
HTHTTTTHH,0.001953
THHTTTTHH,0.001953
HHHTTTTHH,0.001953
TTTHTTTHH,0.001953
HTTHTTTHH,0.001953
THTHTTTHH,0.001953
HHTHTTTHH,0.001953
TTHHTTTHH,0.001953
HTHHTTTHH,0.001953
THHHTTTHH,0.001953
HHHHTTTHH,0.001953
TTTTHTTHH,0.001953
HTTTHTTHH,0.001953
THTTHTTHH,0.001953
HHTTHTTHH,0.001953
TTHTHTTHH,0.001953
HTHTHTTHH,0.001953
THHTHTTHH,0.001953
HHHTHTTHH,0.001953
TTTHHTTHH,0.001953
HTTHHTTHH,0.001953
THTHHTTHH,0.001953
HHTHHTTHH,0.001953
TTHHHTTHH,0.001953
HTHHHTTHH,0.001953
THHHHTTHH,0.001953
HHHHHTTHH,0.001953
TTTTTHTHH,0.001953
HTTTTHTHH,0.001953
THTTTHTHH,0.001953
HHTTTHTHH,0.001953
TTHTTHTHH,0.001953
HTHTTHTHH,0.001953
THHTTHTHH,0.001953
HHHTTHTHH,0.001953
TTTHTHTHH,0.001953
HTTHTHTHH,0.001953
THTHTHTHH,0.001953
HHTHTHTHH,0.001953
TTHHTHTHH,0.001953
HTHHTHTHH,0.001953
THHHTHTHH,0.001953
HHHHTHTHH,0.001953
TTTTHHTHH,0.001953
HTTTHHTHH,0.001953
THTTHHTHH,0.001953
HHTTHHTHH,0.001953
TTHTHHTHH,0.001953
HTHTHHTHH,0.001953
THHTHHTHH,0.001953
HHHTHHTHH,0.001953
TTTHHHTHH,0.001953
HTTHHHTHH,0.001953
THTHHHTHH,0.001953
HHTHHHTHH,0.001953
TTHHHHTHH,0.001953
HTHHHHTHH,0.001953
THHHHHTHH,0.001953
HHHHHHTHH,0.001953
TTTTTTHHH,0.001953
HTTTTTHHH,0.001953
THTTTTHHH,0.001953
HHTTTTHHH,0.001953
TTHTTTHHH,0.001953
HTHTTTHHH,0.001953
THHTTTHHH,0.001953
HHHTTTHHH,0.001953
TTTHTTHHH,0.001953
HTTHTTHHH,0.001953
THTHTTHHH,0.001953
HHTHTTHHH,0.001953
TTHHTTHHH,0.001953
HTHHTTHHH,0.001953
THHHTTHHH,0.001953
HHHHTTHHH,0.001953
TTTTHTHHH,0.001953
HTTTHTHHH,0.001953
THTTHTHHH,0.001953
HHTTHTHHH,0.001953
TTHTHTHHH,0.001953
HTHTHTHHH,0.001953
THHTHTHHH,0.001953
HHHTHTHHH,0.001953
TTTHHTHHH,0.001953
HTTHHTHHH,0.001953
THTHHTHHH,0.001953
HHTHHTHHH,0.001953
TTHHHTHHH,0.001953
HTHHHTHHH,0.001953
THHHHTHHH,0.001953
HHHHHTHHH,0.001953
TTTTTHHHH,0.001953
HTTTTHHHH,0.001953
THTTTHHHH,0.001953
HHTTTHHHH,0.001953
TTHTTHHHH,0.001953
HTHTTHHHH,0.001953
THHTTHHHH,0.001953
HHHTTHHHH,0.001953
TTTHTHHHH,0.001953
HTTHTHHHH,0.001953
THTHTHHHH,0.001953
HHTHTHHHH,0.001953
TTHHTHHHH,0.001953
HTHHTHHHH,0.001953
THHHTHHHH,0.001953
HHHHTHHHH,0.001953
TTTTHHHHH,0.001953
HTTTHHHHH,0.001953
THTTHHHHH,0.001953
HHTTHHHHH,0.001953
TTHTHHHHH,0.001953
HTHTHHHHH,0.001953
THHTHHHHH,0.001953
HHHTHHHHH,0.001953
TTTHHHHHH,0.001953
HTTHHHHHH,0.001953
THTHHHHHH,0.001953
HHTHHHHHH,0.001953
TTHHHHHHH,0.001953
HTHHHHHHH,0.001953
THHHHHHHH,0.001953
HHHHHHHHH,0.001953
TTTTTTTTTT,0.000977
HTTTTTTTTT,0.000977
THTTTTTTTT,0.000977
HHTTTTTTTT,0.000977
TTHTTTTTTT,0.000977
HTHTTTTTTT,0.000977
THHTTTTTTT,0.000977
HHHTTTTTTT,0.000977
TTTHTTTTTT,0.000977
HTTHTTTTTT,0.000977
THTHTTTTTT,0.000977
HHTHTTTTTT,0.000977
TTHHTTTTTT,0.000977
HTHHTTTTTT,0.000977
THHHTTTTTT,0.000977
HHHHTTTTTT,0.000977
TTTTHTTTTT,0.000977
HTTTHTTTTT,0.000977
THTTHTTTTT,0.000977
HHTTHTTTTT,0.000977
TTHTHTTTTT,0.000977
HTHTHTTTTT,0.000977
THHTHTTTTT,0.000977
HHHTHTTTTT,0.000977
TTTHHTTTTT,0.000977
HTTHHTTTTT,0.000977
THTHHTTTTT,0.000977
HHTHHTTTTT,0.000977
TTHHHTTTTT,0.000977
HTHHHTTTTT,0.000977
THHHHTTTTT,0.000977
HHHHHTTTTT,0.000977
TTTTTHTTTT,0.000977
HTTTTHTTTT,0.000977
THTTTHTTTT,0.000977
HHTTTHTTTT,0.000977
TTHTTHTTTT,0.000977
HTHTTHTTTT,0.000977
THHTTHTTTT,0.000977
HHHTTHTTTT,0.000977
TTTHTHTTTT,0.000977
HTTHTHTTTT,0.000977
THTHTHTTTT,0.000977
HHTHTHTTTT,0.000977
TTHHTHTTTT,0.000977
HTHHTHTTTT,0.000977
THHHTHTTTT,0.000977
HHHHTHTTTT,0.000977
TTTTHHTTTT,0.000977
HTTTHHTTTT,0.000977
THTTHHTTTT,0.000977
HHTTHHTTTT,0.000977
TTHTHHTTTT,0.000977
HTHTHHTTTT,0.000977
THHTHHTTTT,0.000977
HHHTHHTTTT,0.000977
TTTHHHTTTT,0.000977
HTTHHHTTTT,0.000977
THTHHHTTTT,0.000977
HHTHHHTTTT,0.000977
TTHHHHTTTT,0.000977
HTHHHHTTTT,0.000977
THHHHHTTTT,0.000977
HHHHHHTTTT,0.000977
TTTTTTHTTT,0.000977
HTTTTTHTTT,0.000977
THTTTTHTTT,0.000977
HHTTTTHTTT,0.000977
TTHTTTHTTT,0.000977
HTHTTTHTTT,0.000977
THHTTTHTTT,0.000977
HHHTTTHTTT,0.000977
TTTHTTHTTT,0.000977
HTTHTTHTTT,0.000977
THTHTTHTTT,0.000977
HHTHTTHTTT,0.000977
TTHHTTHTTT,0.000977
HTHHTTHTTT,0.000977
THHHTTHTTT,0.000977
HHHHTTHTTT,0.000977
TTTTHTHTTT,0.000977
HTTTHTHTTT,0.000977
THTTHTHTTT,0.000977
HHTTHTHTTT,0.000977
TTHTHTHTTT,0.000977
HTHTHTHTTT,0.000977
THHTHTHTTT,0.000977
HHHTHTHTTT,0.000977
TTTHHTHTTT,0.000977
HTTHHTHTTT,0.000977
THTHHTHTTT,0.000977
HHTHHTHTTT,0.000977
TTHHHTHTTT,0.000977
HTHHHTHTTT,0.000977
THHHHTHTTT,0.000977
HHHHHTHTTT,0.000977
TTTTTHHTTT,0.000977
HTTTTHHTTT,0.000977
THTTTHHTTT,0.000977
HHTTTHHTTT,0.000977
TTHTTHHTTT,0.000977
HTHTTHHTTT,0.000977
THHTTHHTTT,0.000977
HHHTTHHTTT,0.000977
TTTHTHHTTT,0.000977
HTTHTHHTTT,0.000977
THTHTHHTTT,0.000977
HHTHTHHTTT,0.000977
TTHHTHHTTT,0.000977
HTHHTHHTTT,0.000977
THHHTHHTTT,0.000977
HHHHTHHTTT,0.000977
TTTTHHHTTT,0.000977
HTTTHHHTTT,0.000977
THTTHHHTTT,0.000977
HHTTHHHTTT,0.000977
TTHTHHHTTT,0.000977
HTHTHHHTTT,0.000977
THHTHHHTTT,0.000977
HHHTHHHTTT,0.000977
TTTHHHHTTT,0.000977
HTTHHHHTTT,0.000977
THTHHHHTTT,0.000977
HHTHHHHTTT,0.000977
TTHHHHHTTT,0.000977
HTHHHHHTTT,0.000977
THHHHHHTTT,0.000977
HHHHHHHTTT,0.000977
TTTTTTTHTT,0.000977
HTTTTTTHTT,0.000977
THTTTTTHTT,0.000977
HHTTTTTHTT,0.000977
TTHTTTTHTT,0.000977
HTHTTTTHTT,0.000977
THHTTTTHTT,0.000977
HHHTTTTHTT,0.000977
TTTHTTTHTT,0.000977
HTTHTTTHTT,0.000977
THTHTTTHTT,0.000977
HHTHTTTHTT,0.000977
TTHHTTTHTT,0.000977
HTHHTTTHTT,0.000977
THHHTTTHTT,0.000977
HHHHTTTHTT,0.000977
TTTTHTTHTT,0.000977
HTTTHTTHTT,0.000977
THTTHTTHTT,0.000977
HHTTHTTHTT,0.000977
TTHTHTTHTT,0.000977
HTHTHTTHTT,0.000977
THHTHTTHTT,0.000977
HHHTHTTHTT,0.000977
TTTHHTTHTT,0.000977
HTTHHTTHTT,0.000977
THTHHTTHTT,0.000977
HHTHHTTHTT,0.000977
TTHHHTTHTT,0.000977
HTHHHTTHTT,0.000977
THHHHTTHTT,0.000977
HHHHHTTHTT,0.000977
TTTTTHTHTT,0.000977
HTTTTHTHTT,0.000977
THTTTHTHTT,0.000977
HHTTTHTHTT,0.000977
TTHTTHTHTT,0.000977
HTHTTHTHTT,0.000977
THHTTHTHTT,0.000977
HHHTTHTHTT,0.000977
TTTHTHTHTT,0.000977
HTTHTHTHTT,0.000977
THTHTHTHTT,0.000977
HHTHTHTHTT,0.000977
TTHHTHTHTT,0.000977
HTHHTHTHTT,0.000977
THHHTHTHTT,0.000977
HHHHTHTHTT,0.000977
TTTTHHTHTT,0.000977
HTTTHHTHTT,0.000977
THTTHHTHTT,0.000977
HHTTHHTHTT,0.000977
TTHTHHTHTT,0.000977
HTHTHHTHTT,0.000977
THHTHHTHTT,0.000977
HHHTHHTHTT,0.000977
TTTHHHTHTT,0.000977
HTTHHHTHTT,0.000977
THTHHHTHTT,0.000977
HHTHHHTHTT,0.000977
TTHHHHTHTT,0.000977
HTHHHHTHTT,0.000977
THHHHHTHTT,0.000977
HHHHHHTHTT,0.000977
TTTTTTHHTT,0.000977
HTTTTTHHTT,0.000977
THTTTTHHTT,0.000977
HHTTTTHHTT,0.000977
TTHTTTHHTT,0.000977
HTHTTTHHTT,0.000977
THHTTTHHTT,0.000977
HHHTTTHHTT,0.000977
TTTHTTHHTT,0.000977
HTTHTTHHTT,0.000977
THTHTTHHTT,0.000977
HHTHTTHHTT,0.000977
TTHHTTHHTT,0.000977
HTHHTTHHTT,0.000977
THHHTTHHTT,0.000977
HHHHTTHHTT,0.000977
TTTTHTHHTT,0.000977
HTTTHTHHTT,0.000977
THTTHTHHTT,0.000977
HHTTHTHHTT,0.000977
TTHTHTHHTT,0.000977
HTHTHTHHTT,0.000977
THHTHTHHTT,0.000977
HHHTHTHHTT,0.000977
TTTHHTHHTT,0.000977
HTTHHTHHTT,0.000977
THTHHTHHTT,0.000977
HHTHHTHHTT,0.000977
TTHHHTHHTT,0.000977
HTHHHTHHTT,0.000977
THHHHTHHTT,0.000977
HHHHHTHHTT,0.000977
TTTTTHHHTT,0.000977
HTTTTHHHTT,0.000977
THTTTHHHTT,0.000977
HHTTTHHHTT,0.000977
TTHTTHHHTT,0.000977
HTHTTHHHTT,0.000977
THHTTHHHTT,0.000977
HHHTTHHHTT,0.000977
TTTHTHHHTT,0.000977
HTTHTHHHTT,0.000977
THTHTHHHTT,0.000977
HHTHTHHHTT,0.000977
TTHHTHHHTT,0.000977
HTHHTHHHTT,0.000977
THHHTHHHTT,0.000977
HHHHTHHHTT,0.000977
TTTTHHHHTT,0.000977
HTTTHHHHTT,0.000977
THTTHHHHTT,0.000977
HHTTHHHHTT,0.000977
TTHTHHHHTT,0.000977
HTHTHHHHTT,0.000977
THHTHHHHTT,0.000977
HHHTHHHHTT,0.000977
TTTHHHHHTT,0.000977
HTTHHHHHTT,0.000977
THTHHHHHTT,0.000977
HHTHHHHHTT,0.000977
TTHHHHHHTT,0.000977
HTHHHHHHTT,0.000977
THHHHHHHTT,0.000977
HHHHHHHHTT,0.000977
TTTTTTTTHT,0.000977
HTTTTTTTHT,0.000977
THTTTTTTHT,0.000977
HHTTTTTTHT,0.000977
TTHTTTTTHT,0.000977
HTHTTTTTHT,0.000977
THHTTTTTHT,0.000977
HHHTTTTTHT,0.000977
TTTHTTTTHT,0.000977
HTTHTTTTHT,0.000977
THTHTTTTHT,0.000977
HHTHTTTTHT,0.000977
TTHHTTTTHT,0.000977
HTHHTTTTHT,0.000977
THHHTTTTHT,0.000977
HHHHTTTTHT,0.000977
TTTTHTTTHT,0.000977
HTTTHTTTHT,0.000977
THTTHTTTHT,0.000977
HHTTHTTTHT,0.000977
TTHTHTTTHT,0.000977
HTHTHTTTHT,0.000977
THHTHTTTHT,0.000977
HHHTHTTTHT,0.000977
TTTHHTTTHT,0.000977
HTTHHTTTHT,0.000977
THTHHTTTHT,0.000977
HHTHHTTTHT,0.000977
TTHHHTTTHT,0.000977
HTHHHTTTHT,0.000977
THHHHTTTHT,0.000977
HHHHHTTTHT,0.000977
TTTTTHTTHT,0.000977
HTTTTHTTHT,0.000977
THTTTHTTHT,0.000977
HHTTTHTTHT,0.000977
TTHTTHTTHT,0.000977
HTHTTHTTHT,0.000977
THHTTHTTHT,0.000977
HHHTTHTTHT,0.000977
TTTHTHTTHT,0.000977
HTTHTHTTHT,0.000977
THTHTHTTHT,0.000977
HHTHTHTTHT,0.000977
TTHHTHTTHT,0.000977
HTHHTHTTHT,0.000977
THHHTHTTHT,0.000977
HHHHTHTTHT,0.000977
TTTTHHTTHT,0.000977
HTTTHHTTHT,0.000977
THTTHHTTHT,0.000977
HHTTHHTTHT,0.000977
TTHTHHTTHT,0.000977
HTHTHHTTHT,0.000977
THHTHHTTHT,0.000977
HHHTHHTTHT,0.000977
TTTHHHTTHT,0.000977
HTTHHHTTHT,0.000977
THTHHHTTHT,0.000977
HHTHHHTTHT,0.000977
TTHHHHTTHT,0.000977
HTHHHHTTHT,0.000977
THHHHHTTHT,0.000977
HHHHHHTTHT,0.000977
TTTTTTHTHT,0.000977
HTTTTTHTHT,0.000977
THTTTTHTHT,0.000977
HHTTTTHTHT,0.000977
TTHTTTHTHT,0.000977
HTHTTTHTHT,0.000977
THHTTTHTHT,0.000977
HHHTTTHTHT,0.000977
TTTHTTHTHT,0.000977
HTTHTTHTHT,0.000977
THTHTTHTHT,0.000977
HHTHTTHTHT,0.000977
TTHHTTHTHT,0.000977
HTHHTTHTHT,0.000977
THHHTTHTHT,0.000977
HHHHTTHTHT,0.000977
TTTTHTHTHT,0.000977
HTTTHTHTHT,0.000977
THTTHTHTHT,0.000977
HHTTHTHTHT,0.000977
TTHTHTHTHT,0.000977
HTHTHTHTHT,0.000977
THHTHTHTHT,0.000977
HHHTHTHTHT,0.000977
TTTHHTHTHT,0.000977
HTTHHTHTHT,0.000977
THTHHTHTHT,0.000977
HHTHHTHTHT,0.000977
TTHHHTHTHT,0.000977
HTHHHTHTHT,0.000977
THHHHTHTHT,0.000977
HHHHHTHTHT,0.000977
TTTTTHHTHT,0.000977
HTTTTHHTHT,0.000977
THTTTHHTHT,0.000977
HHTTTHHTHT,0.000977
TTHTTHHTHT,0.000977
HTHTTHHTHT,0.000977
THHTTHHTHT,0.000977
HHHTTHHTHT,0.000977
TTTHTHHTHT,0.000977
HTTHTHHTHT,0.000977
THTHTHHTHT,0.000977
HHTHTHHTHT,0.000977
TTHHTHHTHT,0.000977
HTHHTHHTHT,0.000977
THHHTHHTHT,0.000977
HHHHTHHTHT,0.000977
TTTTHHHTHT,0.000977
HTTTHHHTHT,0.000977
THTTHHHTHT,0.000977
HHTTHHHTHT,0.000977
TTHTHHHTHT,0.000977
HTHTHHHTHT,0.000977
THHTHHHTHT,0.000977
HHHTHHHTHT,0.000977
TTTHHHHTHT,0.000977
HTTHHHHTHT,0.000977
THTHHHHTHT,0.000977
HHTHHHHTHT,0.000977
TTHHHHHTHT,0.000977
HTHHHHHTHT,0.000977
THHHHHHTHT,0.000977
HHHHHHHTHT,0.000977
TTTTTTTHHT,0.000977
HTTTTTTHHT,0.000977
THTTTTTHHT,0.000977
HHTTTTTHHT,0.000977
TTHTTTTHHT,0.000977
HTHTTTTHHT,0.000977
THHTTTTHHT,0.000977
HHHTTTTHHT,0.000977
TTTHTTTHHT,0.000977
HTTHTTTHHT,0.000977
THTHTTTHHT,0.000977
HHTHTTTHHT,0.000977
TTHHTTTHHT,0.000977
HTHHTTTHHT,0.000977
THHHTTTHHT,0.000977
HHHHTTTHHT,0.000977
TTTTHTTHHT,0.000977
HTTTHTTHHT,0.000977
THTTHTTHHT,0.000977
HHTTHTTHHT,0.000977
TTHTHTTHHT,0.000977
HTHTHTTHHT,0.000977
THHTHTTHHT,0.000977
HHHTHTTHHT,0.000977
TTTHHTTHHT,0.000977
HTTHHTTHHT,0.000977
THTHHTTHHT,0.000977
HHTHHTTHHT,0.000977
TTHHHTTHHT,0.000977
HTHHHTTHHT,0.000977
THHHHTTHHT,0.000977
HHHHHTTHHT,0.000977
TTTTTHTHHT,0.000977
HTTTTHTHHT,0.000977
THTTTHTHHT,0.000977
HHTTTHTHHT,0.000977
TTHTTHTHHT,0.000977
HTHTTHTHHT,0.000977
THHTTHTHHT,0.000977
HHHTTHTHHT,0.000977
TTTHTHTHHT,0.000977
HTTHTHTHHT,0.000977
THTHTHTHHT,0.000977
HHTHTHTHHT,0.000977
TTHHTHTHHT,0.000977
HTHHTHTHHT,0.000977
THHHTHTHHT,0.000977
HHHHTHTHHT,0.000977
TTTTHHTHHT,0.000977
HTTTHHTHHT,0.000977
THTTHHTHHT,0.000977
HHTTHHTHHT,0.000977
TTHTHHTHHT,0.000977
HTHTHHTHHT,0.000977
THHTHHTHHT,0.000977
HHHTHHTHHT,0.000977
TTTHHHTHHT,0.000977
HTTHHHTHHT,0.000977
THTHHHTHHT,0.000977
HHTHHHTHHT,0.000977
TTHHHHTHHT,0.000977
HTHHHHTHHT,0.000977
THHHHHTHHT,0.000977
HHHHHHTHHT,0.000977
TTTTTTHHHT,0.000977
HTTTTTHHHT,0.000977
THTTTTHHHT,0.000977
HHTTTTHHHT,0.000977
TTHTTTHHHT,0.000977
HTHTTTHHHT,0.000977
THHTTTHHHT,0.000977
HHHTTTHHHT,0.000977
TTTHTTHHHT,0.000977
HTTHTTHHHT,0.000977
THTHTTHHHT,0.000977
HHTHTTHHHT,0.000977
TTHHTTHHHT,0.000977
HTHHTTHHHT,0.000977
THHHTTHHHT,0.000977
HHHHTTHHHT,0.000977
TTTTHTHHHT,0.000977
HTTTHTHHHT,0.000977
THTTHTHHHT,0.000977
HHTTHTHHHT,0.000977
TTHTHTHHHT,0.000977
HTHTHTHHHT,0.000977
THHTHTHHHT,0.000977
HHHTHTHHHT,0.000977
TTTHHTHHHT,0.000977
HTTHHTHHHT,0.000977
THTHHTHHHT,0.000977
HHTHHTHHHT,0.000977
TTHHHTHHHT,0.000977
HTHHHTHHHT,0.000977
THHHHTHHHT,0.000977
HHHHHTHHHT,0.000977
TTTTTHHHHT,0.000977
HTTTTHHHHT,0.000977
THTTTHHHHT,0.000977
HHTTTHHHHT,0.000977
TTHTTHHHHT,0.000977
HTHTTHHHHT,0.000977
THHTTHHHHT,0.000977
HHHTTHHHHT,0.000977
TTTHTHHHHT,0.000977
HTTHTHHHHT,0.000977
THTHTHHHHT,0.000977
HHTHTHHHHT,0.000977
TTHHTHHHHT,0.000977
HTHHTHHHHT,0.000977
THHHTHHHHT,0.000977
HHHHTHHHHT,0.000977
TTTTHHHHHT,0.000977
HTTTHHHHHT,0.000977
THTTHHHHHT,0.000977
HHTTHHHHHT,0.000977
TTHTHHHHHT,0.000977
HTHTHHHHHT,0.000977
THHTHHHHHT,0.000977
HHHTHHHHHT,0.000977
TTTHHHHHHT,0.000977
HTTHHHHHHT,0.000977
THTHHHHHHT,0.000977
HHTHHHHHHT,0.000977
TTHHHHHHHT,0.000977
HTHHHHHHHT,0.000977
THHHHHHHHT,0.000977
HHHHHHHHHT,0.000977
TTTTTTTTTH,0.000977
HTTTTTTTTH,0.000977
THTTTTTTTH,0.000977
HHTTTTTTTH,0.000977
TTHTTTTTTH,0.000977
HTHTTTTTTH,0.000977
THHTTTTTTH,0.000977
HHHTTTTTTH,0.000977
TTTHTTTTTH,0.000977
HTTHTTTTTH,0.000977
THTHTTTTTH,0.000977
HHTHTTTTTH,0.000977
TTHHTTTTTH,0.000977
HTHHTTTTTH,0.000977
THHHTTTTTH,0.000977
HHHHTTTTTH,0.000977
TTTTHTTTTH,0.000977
HTTTHTTTTH,0.000977
THTTHTTTTH,0.000977
HHTTHTTTTH,0.000977
TTHTHTTTTH,0.000977
HTHTHTTTTH,0.000977
THHTHTTTTH,0.000977
HHHTHTTTTH,0.000977
TTTHHTTTTH,0.000977
HTTHHTTTTH,0.000977
THTHHTTTTH,0.000977
HHTHHTTTTH,0.000977
TTHHHTTTTH,0.000977
HTHHHTTTTH,0.000977
THHHHTTTTH,0.000977
HHHHHTTTTH,0.000977
TTTTTHTTTH,0.000977
HTTTTHTTTH,0.000977
THTTTHTTTH,0.000977
HHTTTHTTTH,0.000977
TTHTTHTTTH,0.000977
HTHTTHTTTH,0.000977
THHTTHTTTH,0.000977
HHHTTHTTTH,0.000977
TTTHTHTTTH,0.000977
HTTHTHTTTH,0.000977
THTHTHTTTH,0.000977
HHTHTHTTTH,0.000977
TTHHTHTTTH,0.000977
HTHHTHTTTH,0.000977
THHHTHTTTH,0.000977
HHHHTHTTTH,0.000977
TTTTHHTTTH,0.000977
HTTTHHTTTH,0.000977
THTTHHTTTH,0.000977
HHTTHHTTTH,0.000977
TTHTHHTTTH,0.000977
HTHTHHTTTH,0.000977
THHTHHTTTH,0.000977
HHHTHHTTTH,0.000977
TTTHHHTTTH,0.000977
HTTHHHTTTH,0.000977
THTHHHTTTH,0.000977
HHTHHHTTTH,0.000977
TTHHHHTTTH,0.000977
HTHHHHTTTH,0.000977
THHHHHTTTH,0.000977
HHHHHHTTTH,0.000977
TTTTTTHTTH,0.000977
HTTTTTHTTH,0.000977
THTTTTHTTH,0.000977
HHTTTTHTTH,0.000977
TTHTTTHTTH,0.000977
HTHTTTHTTH,0.000977
THHTTTHTTH,0.000977
HHHTTTHTTH,0.000977
TTTHTTHTTH,0.000977
HTTHTTHTTH,0.000977
THTHTTHTTH,0.000977
HHTHTTHTTH,0.000977
TTHHTTHTTH,0.000977
HTHHTTHTTH,0.000977
THHHTTHTTH,0.000977
HHHHTTHTTH,0.000977
TTTTHTHTTH,0.000977
HTTTHTHTTH,0.000977
THTTHTHTTH,0.000977
HHTTHTHTTH,0.000977
TTHTHTHTTH,0.000977
HTHTHTHTTH,0.000977
THHTHTHTTH,0.000977
HHHTHTHTTH,0.000977
TTTHHTHTTH,0.000977
HTTHHTHTTH,0.000977
THTHHTHTTH,0.000977
HHTHHTHTTH,0.000977
TTHHHTHTTH,0.000977
HTHHHTHTTH,0.000977
THHHHTHTTH,0.000977
HHHHHTHTTH,0.000977
TTTTTHHTTH,0.000977
HTTTTHHTTH,0.000977
THTTTHHTTH,0.000977
HHTTTHHTTH,0.000977
TTHTTHHTTH,0.000977
HTHTTHHTTH,0.000977
THHTTHHTTH,0.000977
HHHTTHHTTH,0.000977
TTTHTHHTTH,0.000977
HTTHTHHTTH,0.000977
THTHTHHTTH,0.000977
HHTHTHHTTH,0.000977
TTHHTHHTTH,0.000977
HTHHTHHTTH,0.000977
THHHTHHTTH,0.000977
HHHHTHHTTH,0.000977
TTTTHHHTTH,0.000977
HTTTHHHTTH,0.000977
THTTHHHTTH,0.000977
HHTTHHHTTH,0.000977
TTHTHHHTTH,0.000977
HTHTHHHTTH,0.000977
THHTHHHTTH,0.000977
HHHTHHHTTH,0.000977
TTTHHHHTTH,0.000977
HTTHHHHTTH,0.000977
THTHHHHTTH,0.000977
HHTHHHHTTH,0.000977
TTHHHHHTTH,0.000977
HTHHHHHTTH,0.000977
THHHHHHTTH,0.000977
HHHHHHHTTH,0.000977
TTTTTTTHTH,0.000977
HTTTTTTHTH,0.000977
THTTTTTHTH,0.000977
HHTTTTTHTH,0.000977
TTHTTTTHTH,0.000977
HTHTTTTHTH,0.000977
THHTTTTHTH,0.000977
HHHTTTTHTH,0.000977
TTTHTTTHTH,0.000977
HTTHTTTHTH,0.000977
THTHTTTHTH,0.000977
HHTHTTTHTH,0.000977
TTHHTTTHTH,0.000977
HTHHTTTHTH,0.000977
THHHTTTHTH,0.000977
HHHHTTTHTH,0.000977
TTTTHTTHTH,0.000977
HTTTHTTHTH,0.000977
THTTHTTHTH,0.000977
HHTTHTTHTH,0.000977
TTHTHTTHTH,0.000977
HTHTHTTHTH,0.000977
THHTHTTHTH,0.000977
HHHTHTTHTH,0.000977
TTTHHTTHTH,0.000977
HTTHHTTHTH,0.000977
THTHHTTHTH,0.000977
HHTHHTTHTH,0.000977
TTHHHTTHTH,0.000977
HTHHHTTHTH,0.000977
THHHHTTHTH,0.000977
HHHHHTTHTH,0.000977
TTTTTHTHTH,0.000977
HTTTTHTHTH,0.000977
THTTTHTHTH,0.000977
HHTTTHTHTH,0.000977
TTHTTHTHTH,0.000977
HTHTTHTHTH,0.000977
THHTTHTHTH,0.000977
HHHTTHTHTH,0.000977
TTTHTHTHTH,0.000977
HTTHTHTHTH,0.000977
THTHTHTHTH,0.000977
HHTHTHTHTH,0.000977
TTHHTHTHTH,0.000977
HTHHTHTHTH,0.000977
THHHTHTHTH,0.000977
HHHHTHTHTH,0.000977
TTTTHHTHTH,0.000977
HTTTHHTHTH,0.000977
THTTHHTHTH,0.000977
HHTTHHTHTH,0.000977
TTHTHHTHTH,0.000977
HTHTHHTHTH,0.000977
THHTHHTHTH,0.000977
HHHTHHTHTH,0.000977
TTTHHHTHTH,0.000977
HTTHHHTHTH,0.000977
THTHHHTHTH,0.000977
HHTHHHTHTH,0.000977
TTHHHHTHTH,0.000977
HTHHHHTHTH,0.000977
THHHHHTHTH,0.000977
HHHHHHTHTH,0.000977
TTTTTTHHTH,0.000977
HTTTTTHHTH,0.000977
THTTTTHHTH,0.000977
HHTTTTHHTH,0.000977
TTHTTTHHTH,0.000977
HTHTTTHHTH,0.000977
THHTTTHHTH,0.000977
HHHTTTHHTH,0.000977
TTTHTTHHTH,0.000977
HTTHTTHHTH,0.000977
THTHTTHHTH,0.000977
HHTHTTHHTH,0.000977
TTHHTTHHTH,0.000977
HTHHTTHHTH,0.000977
THHHTTHHTH,0.000977
HHHHTTHHTH,0.000977
TTTTHTHHTH,0.000977
HTTTHTHHTH,0.000977
THTTHTHHTH,0.000977
HHTTHTHHTH,0.000977
TTHTHTHHTH,0.000977
HTHTHTHHTH,0.000977
THHTHTHHTH,0.000977
HHHTHTHHTH,0.000977
TTTHHTHHTH,0.000977
HTTHHTHHTH,0.000977
THTHHTHHTH,0.000977
HHTHHTHHTH,0.000977
TTHHHTHHTH,0.000977
HTHHHTHHTH,0.000977
THHHHTHHTH,0.000977
HHHHHTHHTH,0.000977
TTTTTHHHTH,0.000977
HTTTTHHHTH,0.000977
THTTTHHHTH,0.000977
HHTTTHHHTH,0.000977
TTHTTHHHTH,0.000977
HTHTTHHHTH,0.000977
THHTTHHHTH,0.000977
HHHTTHHHTH,0.000977
TTTHTHHHTH,0.000977
HTTHTHHHTH,0.000977
THTHTHHHTH,0.000977
HHTHTHHHTH,0.000977
TTHHTHHHTH,0.000977
HTHHTHHHTH,0.000977
THHHTHHHTH,0.000977
HHHHTHHHTH,0.000977
TTTTHHHHTH,0.000977
HTTTHHHHTH,0.000977
THTTHHHHTH,0.000977
HHTTHHHHTH,0.000977
TTHTHHHHTH,0.000977
HTHTHHHHTH,0.000977
THHTHHHHTH,0.000977
HHHTHHHHTH,0.000977
TTTHHHHHTH,0.000977
HTTHHHHHTH,0.000977
THTHHHHHTH,0.000977
HHTHHHHHTH,0.000977
TTHHHHHHTH,0.000977
HTHHHHHHTH,0.000977
THHHHHHHTH,0.000977
HHHHHHHHTH,0.000977
TTTTTTTTHH,0.000977
HTTTTTTTHH,0.000977
THTTTTTTHH,0.000977
HHTTTTTTHH,0.000977
TTHTTTTTHH,0.000977
HTHTTTTTHH,0.000977
THHTTTTTHH,0.000977
HHHTTTTTHH,0.000977
TTTHTTTTHH,0.000977
HTTHTTTTHH,0.000977
THTHTTTTHH,0.000977
HHTHTTTTHH,0.000977
TTHHTTTTHH,0.000977
HTHHTTTTHH,0.000977
THHHTTTTHH,0.000977
HHHHTTTTHH,0.000977
TTTTHTTTHH,0.000977
HTTTHTTTHH,0.000977
THTTHTTTHH,0.000977
HHTTHTTTHH,0.000977
TTHTHTTTHH,0.000977
HTHTHTTTHH,0.000977
THHTHTTTHH,0.000977
HHHTHTTTHH,0.000977
TTTHHTTTHH,0.000977
HTTHHTTTHH,0.000977
THTHHTTTHH,0.000977
HHTHHTTTHH,0.000977
TTHHHTTTHH,0.000977
HTHHHTTTHH,0.000977
THHHHTTTHH,0.000977
HHHHHTTTHH,0.000977
TTTTTHTTHH,0.000977
HTTTTHTTHH,0.000977
THTTTHTTHH,0.000977
HHTTTHTTHH,0.000977
TTHTTHTTHH,0.000977
HTHTTHTTHH,0.000977
THHTTHTTHH,0.000977
HHHTTHTTHH,0.000977
TTTHTHTTHH,0.000977
HTTHTHTTHH,0.000977
THTHTHTTHH,0.000977
HHTHTHTTHH,0.000977
TTHHTHTTHH,0.000977
HTHHTHTTHH,0.000977
THHHTHTTHH,0.000977
HHHHTHTTHH,0.000977
TTTTHHTTHH,0.000977
HTTTHHTTHH,0.000977
THTTHHTTHH,0.000977
HHTTHHTTHH,0.000977
TTHTHHTTHH,0.000977
HTHTHHTTHH,0.000977
THHTHHTTHH,0.000977
HHHTHHTTHH,0.000977
TTTHHHTTHH,0.000977
HTTHHHTTHH,0.000977
THTHHHTTHH,0.000977
HHTHHHTTHH,0.000977
TTHHHHTTHH,0.000977
HTHHHHTTHH,0.000977
THHHHHTTHH,0.000977
HHHHHHTTHH,0.000977
TTTTTTHTHH,0.000977
HTTTTTHTHH,0.000977
THTTTTHTHH,0.000977
HHTTTTHTHH,0.000977
TTHTTTHTHH,0.000977
HTHTTTHTHH,0.000977
THHTTTHTHH,0.000977
HHHTTTHTHH,0.000977
TTTHTTHTHH,0.000977
HTTHTTHTHH,0.000977
THTHTTHTHH,0.000977
HHTHTTHTHH,0.000977
TTHHTTHTHH,0.000977
HTHHTTHTHH,0.000977
THHHTTHTHH,0.000977
HHHHTTHTHH,0.000977
TTTTHTHTHH,0.000977
HTTTHTHTHH,0.000977
THTTHTHTHH,0.000977
HHTTHTHTHH,0.000977
TTHTHTHTHH,0.000977
HTHTHTHTHH,0.000977
THHTHTHTHH,0.000977
HHHTHTHTHH,0.000977
TTTHHTHTHH,0.000977
HTTHHTHTHH,0.000977
THTHHTHTHH,0.000977
HHTHHTHTHH,0.000977
TTHHHTHTHH,0.000977
HTHHHTHTHH,0.000977
THHHHTHTHH,0.000977
HHHHHTHTHH,0.000977
TTTTTHHTHH,0.000977
HTTTTHHTHH,0.000977
THTTTHHTHH,0.000977
HHTTTHHTHH,0.000977
TTHTTHHTHH,0.000977
HTHTTHHTHH,0.000977
THHTTHHTHH,0.000977
HHHTTHHTHH,0.000977
TTTHTHHTHH,0.000977
HTTHTHHTHH,0.000977
THTHTHHTHH,0.000977
HHTHTHHTHH,0.000977
TTHHTHHTHH,0.000977
HTHHTHHTHH,0.000977
THHHTHHTHH,0.000977
HHHHTHHTHH,0.000977
TTTTHHHTHH,0.000977
HTTTHHHTHH,0.000977
THTTHHHTHH,0.000977
HHTTHHHTHH,0.000977
TTHTHHHTHH,0.000977
HTHTHHHTHH,0.000977
THHTHHHTHH,0.000977
HHHTHHHTHH,0.000977
TTTHHHHTHH,0.000977
HTTHHHHTHH,0.000977
THTHHHHTHH,0.000977
HHTHHHHTHH,0.000977
TTHHHHHTHH,0.000977
HTHHHHHTHH,0.000977
THHHHHHTHH,0.000977
HHHHHHHTHH,0.000977
TTTTTTTHHH,0.000977
HTTTTTTHHH,0.000977
THTTTTTHHH,0.000977
HHTTTTTHHH,0.000977
TTHTTTTHHH,0.000977
HTHTTTTHHH,0.000977
THHTTTTHHH,0.000977
HHHTTTTHHH,0.000977
TTTHTTTHHH,0.000977
HTTHTTTHHH,0.000977
THTHTTTHHH,0.000977
HHTHTTTHHH,0.000977
TTHHTTTHHH,0.000977
HTHHTTTHHH,0.000977
THHHTTTHHH,0.000977
HHHHTTTHHH,0.000977
TTTTHTTHHH,0.000977
HTTTHTTHHH,0.000977
THTTHTTHHH,0.000977
HHTTHTTHHH,0.000977
TTHTHTTHHH,0.000977
HTHTHTTHHH,0.000977
THHTHTTHHH,0.000977
HHHTHTTHHH,0.000977
TTTHHTTHHH,0.000977
HTTHHTTHHH,0.000977
THTHHTTHHH,0.000977
HHTHHTTHHH,0.000977
TTHHHTTHHH,0.000977
HTHHHTTHHH,0.000977
THHHHTTHHH,0.000977
HHHHHTTHHH,0.000977
TTTTTHTHHH,0.000977
HTTTTHTHHH,0.000977
THTTTHTHHH,0.000977
HHTTTHTHHH,0.000977
TTHTTHTHHH,0.000977
HTHTTHTHHH,0.000977
THHTTHTHHH,0.000977
HHHTTHTHHH,0.000977
TTTHTHTHHH,0.000977
HTTHTHTHHH,0.000977
THTHTHTHHH,0.000977
HHTHTHTHHH,0.000977
TTHHTHTHHH,0.000977
HTHHTHTHHH,0.000977
THHHTHTHHH,0.000977
HHHHTHTHHH,0.000977
TTTTHHTHHH,0.000977
HTTTHHTHHH,0.000977
THTTHHTHHH,0.000977
HHTTHHTHHH,0.000977
TTHTHHTHHH,0.000977
HTHTHHTHHH,0.000977
THHTHHTHHH,0.000977
HHHTHHTHHH,0.000977
TTTHHHTHHH,0.000977
HTTHHHTHHH,0.000977
THTHHHTHHH,0.000977
HHTHHHTHHH,0.000977
TTHHHHTHHH,0.000977
HTHHHHTHHH,0.000977
THHHHHTHHH,0.000977
HHHHHHTHHH,0.000977
TTTTTTHHHH,0.000977
HTTTTTHHHH,0.000977
THTTTTHHHH,0.000977
HHTTTTHHHH,0.000977
TTHTTTHHHH,0.000977
HTHTTTHHHH,0.000977
THHTTTHHHH,0.000977
HHHTTTHHHH,0.000977
TTTHTTHHHH,0.000977
HTTHTTHHHH,0.000977
THTHTTHHHH,0.000977
HHTHTTHHHH,0.000977
TTHHTTHHHH,0.000977
HTHHTTHHHH,0.000977
THHHTTHHHH,0.000977
HHHHTTHHHH,0.000977
TTTTHTHHHH,0.000977
HTTTHTHHHH,0.000977
THTTHTHHHH,0.000977
HHTTHTHHHH,0.000977
TTHTHTHHHH,0.000977
HTHTHTHHHH,0.000977
THHTHTHHHH,0.000977
HHHTHTHHHH,0.000977
TTTHHTHHHH,0.000977
HTTHHTHHHH,0.000977
THTHHTHHHH,0.000977
HHTHHTHHHH,0.000977
TTHHHTHHHH,0.000977
HTHHHTHHHH,0.000977
THHHHTHHHH,0.000977
HHHHHTHHHH,0.000977
TTTTTHHHHH,0.000977
HTTTTHHHHH,0.000977
THTTTHHHHH,0.000977
HHTTTHHHHH,0.000977
TTHTTHHHHH,0.000977
HTHTTHHHHH,0.000977
THHTTHHHHH,0.000977
HHHTTHHHHH,0.000977
TTTHTHHHHH,0.000977
HTTHTHHHHH,0.000977
THTHTHHHHH,0.000977
HHTHTHHHHH,0.000977
TTHHTHHHHH,0.000977
HTHHTHHHHH,0.000977
THHHTHHHHH,0.000977
HHHHTHHHHH,0.000977
TTTTHHHHHH,0.000977
HTTTHHHHHH,0.000977
THTTHHHHHH,0.000977
HHTTHHHHHH,0.000977
TTHTHHHHHH,0.000977
HTHTHHHHHH,0.000977
THHTHHHHHH,0.000977
HHHTHHHHHH,0.000977
TTTHHHHHHH,0.000977
HTTHHHHHHH,0.000977
THTHHHHHHH,0.000977
HHTHHHHHHH,0.000977
TTHHHHHHHH,0.000977
HTHHHHHHHH,0.000977
THHHHHHHHH,0.000977
HHHHHHHHHH,0.000977
